<?xml version="1.0" encoding="UTF-8"?>
<index>
	<title>Source of RottenTomatoesTourDeFlexExample</title>
	<nodes>
		<node label="html-template">
			<node label="history">
				<node icon="cssIcon" label="history.css" url="source/html-template/history/history.css.html"/>
				<node label="history.js" url="source/html-template/history/history.js.txt"/>
				<node icon="htmlIcon" label="historyFrame.html" url="source/html-template/history/historyFrame.html"/>
			</node>
			<node icon="htmlIcon" label="index.template.html" url="source/html-template/index.template.html"/>
			<node icon="swfIcon" label="playerProductInstall.swf" url="source/html-template/playerProductInstall.swf"/>
			<node label="swfobject.js" url="source/html-template/swfobject.js.txt"/>
		</node>
		<node label="libs">
			<node label="RottenTomatoesAS3.swc" url="source/libs/RottenTomatoesAS3.swc"/>
		</node>
		<node label="src">
			<node label="assets.css">
				<node icon="cssIcon" label="main.css" url="source/assets/css/main.css.html"/>
			</node>
			<node label="assets.images">
			</node>
			<node icon="packageIcon" label="assets.skins.application" expanded="true">
				<node icon="mxmlIcon" label="ApplicationSkin.mxml" url="source/assets/skins/application/ApplicationSkin.mxml.html"/>
			</node>
			<node icon="imageIcon" label="icon.png" url="source/icon.png.html"/>
			<node icon="mxmlAppIcon" selected="true" label="RottenTomatoesTourDeFlexExample.mxml" url="source/RottenTomatoesTourDeFlexExample.mxml.html"/>
		</node>
	</nodes>
	<zipfile label="Download source (ZIP, 47K)" url="RottenTomatoesTourDeFlexExample.zip">
	</zipfile>
	<sdklink label="Download Flex SDK" url="http://www.adobe.com/go/flex451_sdk_download">
	</sdklink>
</index>
